strategy_id,strategy_name,strategy_category,hypothesis,best_variation,total_variations,valid_variations,selection_mode,cagr,total_return,sharpe_ratio,sortino_ratio,max_drawdown,calmar_ratio,win_rate,consistency_score,beat_benchmark,total_trades,profit_factor,score,parameter_stability,oos_best_variation,oos_validation_score,oos_test_score,oos_test_mean_excess,oos_test_consistency,walk_forward_score,walk_forward_mean_excess,walk_forward_windows
supertrend_syariah_atr_risk,Supertrend Continuation + ATR Risk (Syariah),trend,ATR-based exits scale with volatility and improve risk-adjusted returns.,supertrend_syariah_atr_risk_period10_multiplier2.5_atrMultiplier1.5_riskRewardRatio1.5,36,20,walk_forward,449.18,376.51,6.92,6.92,-22.43,20.03,61.2,100.0,9,209,1.93,18.6138,0.196,"",0.0,0.0,0.0,0.0,20.5375,59.37,1
vwap_above_low_debt,VWAP Support (Low Debt (DE)),multi_factor,Holding above VWAP indicates institutional support and trend persistence. This effect is stronger among low-debt stocks.,vwap_above_low_debt_max0.4,3,3,walk_forward,257.31,221.33,3.1,3.1,-23.23,11.08,44.7,100.0,9,228,1.55,18.223,0.183,"",0.0,0.0,0.0,0.0,5.3518,16.21,1
volume_spike_syariah,Volume Spike (Syariah),volume,Unusual volume signals informed participation and continuation risk/reward. This effect is stronger within the syariah universe.,volume_spike_syariah_period20_threshold1.5,6,6,walk_forward,346.14,293.87,6.71,6.71,-26.27,13.17,49.8,100.0,9,219,1.76,17.3044,0.26,"",0.0,0.0,0.0,0.0,12.9253,38.72,1
supertrend_low_debt_atr_risk,Supertrend Continuation + ATR Risk (Low Debt),multi_factor,ATR-based exits improve risk-adjusted returns in low-debt trend followers.,supertrend_low_debt_atr_risk_period14_multiplier2.5_max0.4_atrMultiplier2.0_riskRewardRatio2.5,108,56,walk_forward,394.89,333.15,5.52,5.52,-20.95,18.85,61.6,100.0,9,86,3.05,17.2985,0.229,"",0.0,0.0,0.0,0.0,-inf,53.65,1
vpt_momentum_low_debt,Volume Price Trend (Low Debt (DE)),multi_factor,VPT momentum suggests demand pressure that sustains price trends. This effect is stronger among low-debt stocks.,vpt_momentum_low_debt_max0.4,3,2,walk_forward,275.41,236.22,3.09,3.09,-23.49,11.72,47.6,100.0,8,225,1.62,17.0977,0.157,"",0.0,0.0,0.0,0.0,2.972,9.49,1
volatility_breakout_base,Volatility Breakout (Baseline),breakout,Volatility spikes often mark the start of directional moves.,volatility_breakout_base_period30_multiplier2.0,9,7,walk_forward,195.4,169.91,2.46,2.46,-24.36,8.02,43.8,77.8,6,242,1.54,16.8972,0.175,"",0.0,0.0,0.0,0.0,16.4793,48.33,1
volume_spike_base,Volume Spike (Baseline),volume,Unusual volume signals informed participation and continuation risk/reward.,volume_spike_base_period10_threshold2.0,6,6,walk_forward,237.89,205.29,5.09,5.09,-15.21,15.64,47.4,100.0,8,196,1.83,15.6642,0.283,"",0.0,0.0,0.0,0.0,11.8558,32.5,1
vwap_above_syariah,VWAP Support (Syariah),volume,Holding above VWAP indicates institutional support and trend persistence. This effect is stronger within the syariah universe.,vwap_above_syariah_v0,1,1,walk_forward,318.27,271.25,3.73,3.73,-22.59,14.09,50.2,100.0,9,205,1.74,15.4108,0.0,"",0.0,0.0,0.0,0.0,6.803,20.18,1
obv_trend_low_debt,OBV Trend (Low Debt (DE)),multi_factor,OBV uptrends reveal accumulation that precedes price moves. This effect is stronger among low-debt stocks.,obv_trend_low_debt_max0.4,3,3,walk_forward,267.63,229.84,3.66,3.66,-22.56,11.86,45.1,100.0,9,224,1.61,14.9319,0.215,"",0.0,0.0,0.0,0.0,8.9042,26.17,1
obv_trend_syariah,OBV Trend (Syariah),volume,OBV uptrends reveal accumulation that precedes price moves. This effect is stronger within the syariah universe.,obv_trend_syariah_v0,1,1,walk_forward,252.37,217.26,3.21,3.21,-26.36,9.57,48.3,100.0,9,209,1.63,14.6188,0.0,"",0.0,0.0,0.0,0.0,6.8018,21.25,1
adx_trend_low_debt,ADX Trend Strength (Low Debt (DE)),multi_factor,Trends with stronger ADX are more likely to continue. This effect is stronger among low-debt stocks.,adx_trend_low_debt_period20_threshold20_max0.6,18,18,walk_forward,164.62,144.01,3.34,3.34,-19.49,8.45,43.5,100.0,7,239,1.55,14.2327,0.325,"",0.0,0.0,0.0,0.0,13.9639,39.75,1
donchian_breakout_syariah,Donchian Breakout (Syariah),breakout,Breaks above multi-week highs tend to continue as shorts cover and momentum traders enter. This effect is stronger within the syariah universe.,donchian_breakout_syariah_period20,3,3,walk_forward,181.94,158.61,3.84,3.84,-25.35,7.18,44.9,100.0,9,225,1.52,14.1151,0.168,"",0.0,0.0,0.0,0.0,1.8743,6.88,1
pivot_support_low_debt_atr_risk,Pivot Support Bounce + ATR Risk (Low Debt),multi_factor,ATR-based exits improve mean-reversion risk control in low-debt names.,pivot_support_low_debt_atr_risk_signalWindow5_max0.3_atrMultiplier2.0_riskRewardRatio2.5,81,26,walk_forward,207.36,179.91,4.46,4.46,-27.3,7.6,50.5,88.9,9,103,1.79,13.846,0.237,"",0.0,0.0,0.0,0.0,-inf,1.29,1
volume_spike_low_debt,Volume Spike (Low Debt (DE)),multi_factor,Unusual volume signals informed participation and continuation risk/reward. This effect is stronger among low-debt stocks.,volume_spike_low_debt_period20_threshold1.3_max0.8,18,11,walk_forward,231.19,199.74,3.64,3.64,-29.62,7.8,46.5,100.0,8,200,1.58,13.6339,0.231,"",0.0,0.0,0.0,0.0,2.8682,10.94,1
volatility_breakout_syariah,Volatility Breakout (Syariah),breakout,Volatility spikes often mark the start of directional moves. This effect is stronger within the syariah universe.,volatility_breakout_syariah_period15_multiplier1.5,9,7,walk_forward,167.56,146.49,3.14,3.14,-18.0,9.31,44.7,100.0,8,199,1.6,13.5592,0.121,"",0.0,0.0,0.0,0.0,12.5073,35.16,1
vpt_momentum_base,Volume Price Trend (Baseline),volume,VPT momentum suggests demand pressure that sustains price trends.,vpt_momentum_base_v0,1,1,walk_forward,153.43,134.53,3.69,3.69,-22.85,6.71,48.1,100.0,9,158,1.63,13.0335,0.0,"",0.0,0.0,0.0,0.0,2.6504,8.39,1
volatility_breakout_value_pe,Volatility Breakout (Value (PE)),multi_factor,Volatility spikes often mark the start of directional moves. This effect is stronger among low-PE stocks.,volatility_breakout_value_pe_period15_multiplier1.5_max12,27,14,walk_forward,139.47,122.66,2.51,25.23,-14.79,9.43,49.3,77.8,7,142,1.85,12.8,0.171,"",0.0,0.0,0.0,0.0,16.1508,44.44,1
supertrend_syariah,Supertrend Continuation (Syariah),trend,Supertrend flips capture persistent trends with adaptive volatility bands. This effect is stronger within the syariah universe.,supertrend_syariah_period21_multiplier2.0,16,16,walk_forward,302.17,258.13,3.63,3.63,-19.18,15.75,50.3,100.0,9,199,1.82,12.7694,0.844,"",0.0,0.0,0.0,0.0,10.6004,30.05,1
sma_trend_syariah,SMA Trend Filter (Syariah),trend,Staying aligned with the prevailing SMA trend improves win rate. This effect is stronger within the syariah universe.,sma_trend_syariah_shortPeriod20_longPeriod100,4,2,walk_forward,183.51,159.93,1.93,1.93,-24.84,7.39,49.0,77.8,6,157,1.73,12.43,0.256,"",0.0,0.0,0.0,0.0,12.1981,36.23,1
volume_dry_up,Volume Dry Up,volume,Volume dry-ups often precede sharp breakouts.,volume_dry_up_v0,1,1,walk_forward,192.58,167.54,4.63,4.63,-20.03,9.61,52.0,100.0,9,148,1.89,12.398,0.0,"",0.0,0.0,0.0,0.0,5.0495,14.44,1
volume_spike_largecap,Volume Spike (Large Cap),volume,Unusual volume signals informed participation and continuation risk/reward. This effect is stronger in large-cap stocks.,volume_spike_largecap_period10_threshold1.5,6,6,walk_forward,189.14,164.66,4.97,4.97,-12.44,15.21,49.7,100.0,9,163,1.8,12.3693,0.313,"",0.0,0.0,0.0,0.0,8.2583,21.43,1
donchian_breakout_low_debt,Donchian Breakout (Low Debt (DE)),multi_factor,Breaks above multi-week highs tend to continue as shorts cover and momentum traders enter. This effect is stronger among low-debt stocks.,donchian_breakout_low_debt_period30_max0.4,9,9,walk_forward,166.35,145.47,3.18,3.18,-16.76,9.92,43.4,100.0,8,235,1.49,12.274,0.288,"",0.0,0.0,0.0,0.0,9.1336,25.17,1
volatility_breakout_low_debt,Volatility Breakout (Low Debt (DE)),multi_factor,Volatility spikes often mark the start of directional moves. This effect is stronger among low-debt stocks.,volatility_breakout_low_debt_period20_multiplier1.5_max0.4,27,11,walk_forward,93.41,83.07,2.19,9.35,-21.48,4.35,41.7,77.8,6,211,1.39,11.0506,0.157,"",0.0,0.0,0.0,0.0,6.1673,18.05,1
volatility_breakout_quality_roe,Volatility Breakout (Quality (ROE)),multi_factor,Volatility spikes often mark the start of directional moves. This effect is stronger among high-ROE stocks.,volatility_breakout_quality_roe_period30_multiplier1.5_min12,27,8,walk_forward,112.36,99.44,2.75,2.75,-14.55,7.72,47.1,77.8,7,138,1.62,11.0195,0.166,"",0.0,0.0,0.0,0.0,11.3844,30.97,1
volume_spike_high_margin,Volume Spike (High Margin (NPM)),multi_factor,Unusual volume signals informed participation and continuation risk/reward. This effect is stronger among high-margin companies.,volume_spike_high_margin_period10_threshold1.5_min15,18,18,walk_forward,133.7,117.74,3.19,3.19,-13.73,9.74,45.7,88.9,9,140,1.61,11.0188,0.236,"",0.0,0.0,0.0,0.0,-inf,1.65,1
adx_trend_syariah,ADX Trend Strength (Syariah),trend,Trends with stronger ADX are more likely to continue. This effect is stronger within the syariah universe.,adx_trend_syariah_period14_threshold20,6,6,walk_forward,238.76,206.01,3.5,3.5,-22.47,10.63,46.2,100.0,9,234,1.61,10.9282,0.576,"",0.0,0.0,0.0,0.0,3.0516,9.42,1
ema_crossover_quality_roe,EMA Crossover Trend (Quality (ROE)),multi_factor,EMA crossovers capture trend accelerations earlier than SMA-based signals. This effect is stronger among high-ROE stocks.,ema_crossover_quality_roe_shortPeriod12_longPeriod20_min16,12,12,walk_forward,133.9,117.91,4.91,4.91,-14.02,9.55,54.2,100.0,9,107,2.34,10.3528,0.229,"",0.0,0.0,0.0,0.0,-inf,5.27,1
supertrend_syariah_lowvol,Supertrend Continuation + Low-Vol Regime (Syariah),trend,"Trend-following performs better in low-volatility, risk-on regimes.",supertrend_syariah_lowvol_period10_multiplier2.5_period15_lookback60,16,16,walk_forward,145.77,128.03,3.05,3.05,-20.87,6.98,49.6,88.9,8,139,1.76,9.8052,0.158,"",0.0,0.0,0.0,0.0,5.4161,15.72,1
donchian_breakout_high_margin,Donchian Breakout (High Margin (NPM)),multi_factor,Breaks above multi-week highs tend to continue as shorts cover and momentum traders enter. This effect is stronger among high-margin companies.,donchian_breakout_high_margin_period20_min10,9,9,walk_forward,140.67,123.69,2.55,18.1,-20.53,6.85,42.9,77.8,7,196,1.4,9.7155,0.23,"",0.0,0.0,0.0,0.0,-inf,-4.07,1
stoch_oversold_high_margin,Stochastic Oversold Bounce (High Margin (NPM)),multi_factor,Oversold stochastic readings signal short-term mean reversion as momentum resets. This effect is stronger among high-margin companies.,stoch_oversold_high_margin_kPeriod20_oversold25_dPeriod3_min15_signalWindow5,216,184,walk_forward,131.63,115.97,2.66,2.66,-15.99,8.23,50.5,88.9,6,107,2.07,9.4512,0.289,"",0.0,0.0,0.0,0.0,9.769,26.76,1
donchian_breakout_base,Donchian Breakout (Baseline),breakout,Breaks above multi-week highs tend to continue as shorts cover and momentum traders enter.,donchian_breakout_base_period20,3,3,walk_forward,188.38,164.02,2.95,2.95,-24.29,7.75,45.5,100.0,8,211,1.53,9.4349,0.395,"",0.0,0.0,0.0,0.0,2.9766,9.73,1
sma_trend_low_debt,SMA Trend Filter (Low Debt (DE)),multi_factor,Staying aligned with the prevailing SMA trend improves win rate. This effect is stronger among low-debt stocks.,sma_trend_low_debt_shortPeriod20_longPeriod50_max0.8,12,8,walk_forward,119.76,105.8,2.63,2.63,-29.17,4.11,44.7,88.9,6,179,1.52,9.3595,0.458,"",0.0,0.0,0.0,0.0,7.7994,24.9,1
sma_trend_base,SMA Trend Filter (Baseline),trend,Staying aligned with the prevailing SMA trend improves win rate.,sma_trend_base_shortPeriod30_longPeriod100,4,4,walk_forward,158.81,139.09,1.97,1.97,-25.02,6.35,49.3,77.8,6,134,1.77,9.2797,0.312,"",0.0,0.0,0.0,0.0,9.0337,27.24,1
parabolic_sar_low_debt,Parabolic SAR Trend (Low Debt (DE)),multi_factor,Parabolic SAR flips track trend changes efficiently in trending markets. This effect is stronger among low-debt stocks.,parabolic_sar_low_debt_afMax0.15_afStep0.02_max0.8,12,12,walk_forward,153.99,135.01,5.36,5.36,-25.18,6.11,49.4,100.0,9,156,1.79,9.1408,0.191,"",0.0,0.0,0.0,0.0,8.318,25.25,1
vpt_momentum_high_margin,Volume Price Trend (High Margin (NPM)),multi_factor,VPT momentum suggests demand pressure that sustains price trends. This effect is stronger among high-margin companies.,vpt_momentum_high_margin_min15,3,3,walk_forward,87.0,77.5,1.96,12.54,-16.16,5.38,44.1,77.8,5,143,1.39,8.984,0.226,"",0.0,0.0,0.0,0.0,-inf,-4.31,1
sector_rotation,Sector Rotation,regime,Sector relative strength rotation persists over 1-3 months.,sector_rotation_v0,1,1,walk_forward,154.21,135.2,3.16,3.16,-20.41,7.55,45.6,100.0,8,182,1.53,8.8704,0.0,"",0.0,0.0,0.0,0.0,6.3008,18.12,1
adx_trend_base,ADX Trend Strength (Baseline),trend,Trends with stronger ADX are more likely to continue.,adx_trend_base_period14_threshold20,6,6,walk_forward,148.05,129.96,3.66,3.66,-22.61,6.55,44.5,100.0,9,182,1.52,8.7916,0.675,"",0.0,0.0,0.0,0.0,2.8944,9.01,1
stoch_oversold_base,Stochastic Oversold Bounce (Baseline),mean_reversion,Oversold stochastic readings signal short-term mean reversion as momentum resets.,stoch_oversold_base_kPeriod10_oversold30_dPeriod3_signalWindow5,72,66,walk_forward,141.03,123.99,3.8,3.8,-18.2,7.75,46.8,100.0,9,139,1.79,8.7722,0.267,"",0.0,0.0,0.0,0.0,2.4485,6.48,1
keltner_oversold_value_pe_atr_risk,Keltner Oversold + ATR Risk (Value PE),multi_factor,ATR-based exits improve mean-reversion risk control in low-PE names.,keltner_oversold_value_pe_atr_risk_period20_atrPeriod14_multiplier2.0_max12_atrMultiplier2.0_riskRewardRatio1.5,729,696,walk_forward,165.06,144.38,3.27,3.27,-17.23,9.58,51.6,100.0,7,91,2.19,8.7086,0.292,"",0.0,0.0,0.0,0.0,-inf,23.92,1
supertrend_low_debt,Supertrend Continuation (Low Debt (DE)),multi_factor,Supertrend flips capture persistent trends with adaptive volatility bands. This effect is stronger among low-debt stocks.,supertrend_low_debt_period14_multiplier2.0_max0.8,64,64,walk_forward,143.93,126.46,3.63,3.63,-29.17,4.93,45.0,100.0,9,202,1.54,8.6473,0.348,"",0.0,0.0,0.0,0.0,7.3782,23.7,1
obv_trend_high_margin,OBV Trend (High Margin (NPM)),multi_factor,OBV uptrends reveal accumulation that precedes price moves. This effect is stronger among high-margin companies.,obv_trend_high_margin_min10,3,3,walk_forward,93.72,83.33,3.31,3.31,-15.71,5.97,44.0,100.0,7,141,1.51,8.5681,0.176,"",0.0,0.0,0.0,0.0,3.8913,9.89,1
pivot_support_low_debt,Pivot Support Bounce (Low Debt (DE)),multi_factor,Prices tend to bounce after testing pivot support levels due to order clustering. This effect is stronger among low-debt stocks.,pivot_support_low_debt_max0.4_signalWindow7,16,10,walk_forward,147.23,129.27,3.35,3.35,-29.62,4.97,43.1,100.0,7,211,1.44,8.4933,0.239,"",0.0,0.0,0.0,0.0,1.9673,8.37,1
accumulation_distribution,Accumulation Distribution,volume,Accumulation/Distribution uptrends signal stealth buying.,accumulation_distribution_v0,1,1,walk_forward,153.49,134.58,2.76,2.76,-17.55,8.74,45.7,100.0,9,175,1.57,8.4548,0.0,"",0.0,0.0,0.0,0.0,8.0601,21.67,1
obv_trend_largecap,OBV Trend (Large Cap),volume,OBV uptrends reveal accumulation that precedes price moves. This effect is stronger in large-cap stocks.,obv_trend_largecap_v0,1,1,walk_forward,90.5,80.54,3.1,3.1,-17.07,5.3,43.8,100.0,8,153,1.41,7.9858,0.0,"",0.0,0.0,0.0,0.0,2.1541,5.24,1
stoch_oversold_value_pbv,Stochastic Oversold Bounce (Value (PBV)),multi_factor,Oversold stochastic readings signal short-term mean reversion as momentum resets. This effect is stronger among low-PBV stocks.,stoch_oversold_value_pbv_kPeriod10_oversold30_dPeriod3_max1.2_signalWindow7,216,174,walk_forward,128.85,113.59,3.68,3.68,-13.68,9.42,51.2,100.0,8,121,1.95,7.7389,0.311,"",0.0,0.0,0.0,0.0,12.817,34.81,1
parabolic_sar_syariah,Parabolic SAR Trend (Syariah),trend,Parabolic SAR flips track trend changes efficiently in trending markets. This effect is stronger within the syariah universe.,parabolic_sar_syariah_afMax0.15_afStep0.02,4,4,walk_forward,118.72,104.91,5.96,5.96,-23.9,4.97,45.5,100.0,8,167,1.63,7.7384,1.0,"",0.0,0.0,0.0,0.0,9.3971,27.96,1
adx_trend_largecap,ADX Trend Strength (Large Cap),trend,Trends with stronger ADX are more likely to continue. This effect is stronger in large-cap stocks.,adx_trend_largecap_period14_threshold20,6,6,walk_forward,116.98,103.42,3.17,3.17,-25.76,4.54,43.3,88.9,8,178,1.43,7.6072,0.576,"",0.0,0.0,0.0,0.0,-inf,-3.6,1
volatility_breakout_value_pbv,Volatility Breakout (Value (PBV)),multi_factor,Volatility spikes often mark the start of directional moves. This effect is stronger among low-PBV stocks.,volatility_breakout_value_pbv_period15_multiplier2.0_max1.6,27,12,walk_forward,91.37,81.3,1.83,14.47,-18.71,4.88,41.0,66.7,5,205,1.44,7.3127,0.25,"",0.0,0.0,0.0,0.0,12.0679,34.11,1
obv_trend_base,OBV Trend (Baseline),volume,OBV uptrends reveal accumulation that precedes price moves.,obv_trend_base_v0,1,1,walk_forward,101.14,89.76,3.98,3.98,-17.21,5.88,44.7,100.0,9,159,1.48,7.2811,0.0,"",0.0,0.0,0.0,0.0,3.8518,10.21,1
vpt_momentum_largecap,Volume Price Trend (Large Cap),volume,VPT momentum suggests demand pressure that sustains price trends. This effect is stronger in large-cap stocks.,vpt_momentum_largecap_v0,1,1,walk_forward,107.52,95.27,2.75,2.75,-23.09,4.66,44.3,88.9,8,158,1.44,7.2052,0.0,"",0.0,0.0,0.0,0.0,1.5494,5.31,1
bullish_harami,Bullish Harami,candlestick,Bullish harami suggests selling exhaustion and reversal odds.,bullish_harami_v0,1,1,walk_forward,112.14,99.26,5.3,5.3,-23.31,4.81,45.6,100.0,9,169,1.56,6.9697,0.0,"",0.0,0.0,0.0,0.0,3.687,11.48,1
stoch_oversold_syariah,Stochastic Oversold Bounce (Syariah),mean_reversion,Oversold stochastic readings signal short-term mean reversion as momentum resets. This effect is stronger within the syariah universe.,stoch_oversold_syariah_kPeriod10_oversold30_dPeriod3_signalWindow7,72,66,walk_forward,99.76,88.56,2.82,2.82,-21.87,4.56,44.7,88.9,7,161,1.54,6.6664,0.283,"",0.0,0.0,0.0,0.0,-inf,-7.39,1
supertrend_high_margin,Supertrend Continuation (High Margin (NPM)),multi_factor,Supertrend flips capture persistent trends with adaptive volatility bands. This effect is stronger among high-margin companies.,supertrend_high_margin_period10_multiplier2.5_min15,12,12,walk_forward,125.46,110.69,3.0,3.0,-11.81,10.63,45.1,100.0,8,142,1.52,6.5449,0.443,"",0.0,0.0,0.0,0.0,2.6567,4.94,1
stoch_oversold_low_debt,Stochastic Oversold Bounce (Low Debt (DE)),multi_factor,Oversold stochastic readings signal short-term mean reversion as momentum resets. This effect is stronger among low-debt stocks.,stoch_oversold_low_debt_kPeriod14_oversold30_dPeriod5_max0.8_signalWindow3,216,173,walk_forward,94.7,84.19,2.82,2.82,-28.46,3.33,45.2,88.9,8,124,1.57,6.5033,0.305,"",0.0,0.0,0.0,0.0,-inf,-11.5,1
donchian_breakout_largecap,Donchian Breakout (Large Cap),breakout,Breaks above multi-week highs tend to continue as shorts cover and momentum traders enter. This effect is stronger in large-cap stocks.,donchian_breakout_largecap_period20,3,3,walk_forward,82.45,73.53,2.13,25.7,-25.65,3.21,40.7,77.8,7,182,1.33,6.4829,0.298,"",0.0,0.0,0.0,0.0,1.441,5.73,1
stoch_oversold_value_pe,Stochastic Oversold Bounce (Value (PE)),multi_factor,Oversold stochastic readings signal short-term mean reversion as momentum resets. This effect is stronger among low-PE stocks.,stoch_oversold_value_pe_kPeriod10_oversold25_dPeriod3_max8_signalWindow5,216,171,walk_forward,101.39,89.97,2.83,2.83,-18.71,5.42,50.0,100.0,7,134,1.81,6.4288,0.308,"",0.0,0.0,0.0,0.0,7.3271,20.57,1
vpt_momentum_value_pbv,Volume Price Trend (Value (PBV)),multi_factor,VPT momentum suggests demand pressure that sustains price trends. This effect is stronger among low-PBV stocks.,vpt_momentum_value_pbv_max1.6,3,3,walk_forward,108.77,96.35,4.65,4.65,-20.61,5.28,45.5,100.0,9,156,1.55,6.4208,0.37,"",0.0,0.0,0.0,0.0,4.7944,13.87,1
volume_spike_value_pbv,Volume Spike (Value (PBV)),multi_factor,Unusual volume signals informed participation and continuation risk/reward. This effect is stronger among low-PBV stocks.,volume_spike_value_pbv_period20_threshold2.0_max1.6,18,15,walk_forward,83.36,74.33,3.6,3.6,-20.6,4.05,41.5,100.0,7,176,1.41,6.3157,0.253,"",0.0,0.0,0.0,0.0,5.0543,14.61,1
sma_crossover_value_pbv,SMA Crossover Trend (Value (PBV)),multi_factor,SMA crossovers capture sustained trends while reducing noise. This effect is stronger among low-PBV stocks.,sma_crossover_value_pbv_shortPeriod15_longPeriod50_max1.6,18,10,walk_forward,54.35,48.86,2.7,2.7,-12.08,4.5,44.6,88.9,6,101,1.63,6.3148,0.244,"",0.0,0.0,0.0,0.0,5.5905,13.71,1
keltner_oversold_syariah,Keltner Channel Oversold (Syariah),mean_reversion,Touches of the lower Keltner Channel often precede mean reversion in range-bound markets. This effect is stronger within the syariah universe.,keltner_oversold_syariah_period20_atrPeriod14_multiplier1.5,8,8,walk_forward,86.25,76.84,2.39,2.39,-21.95,3.93,40.3,88.9,6,134,1.39,6.1813,0.254,"",0.0,0.0,0.0,0.0,1.318,4.32,1
stoch_oversold_largecap,Stochastic Oversold Bounce (Large Cap),mean_reversion,Oversold stochastic readings signal short-term mean reversion as momentum resets. This effect is stronger in large-cap stocks.,stoch_oversold_largecap_kPeriod10_oversold30_dPeriod3_signalWindow5,72,64,walk_forward,99.18,88.07,3.37,3.37,-20.64,4.81,46.5,100.0,7,127,1.72,6.1723,0.292,"",0.0,0.0,0.0,0.0,4.9934,14.45,1
sma_trend_high_margin,SMA Trend Filter (High Margin (NPM)),multi_factor,Staying aligned with the prevailing SMA trend improves win rate. This effect is stronger among high-margin companies.,sma_trend_high_margin_shortPeriod30_longPeriod100_min15,12,12,walk_forward,121.8,107.55,2.14,2.14,-20.4,5.97,47.9,77.8,6,117,1.76,6.0949,0.187,"",0.0,0.0,0.0,0.0,5.7888,16.65,1
morning_star,Morning Star,candlestick,Morning star patterns mark multi-day reversal behavior.,morning_star_v0,1,1,walk_forward,77.06,68.83,4.21,4.21,-24.2,3.18,43.7,100.0,7,151,1.46,5.9669,0.0,"",0.0,0.0,0.0,0.0,7.4796,20.08,1
donchian_breakout_value_pbv,Donchian Breakout (Value (PBV)),multi_factor,Breaks above multi-week highs tend to continue as shorts cover and momentum traders enter. This effect is stronger among low-PBV stocks.,donchian_breakout_value_pbv_period20_max1.2,9,7,walk_forward,99.92,88.71,3.79,3.79,-17.12,5.84,42.3,100.0,8,168,1.48,5.9489,0.303,"",0.0,0.0,0.0,0.0,1.8414,4.44,1
base_breakout_syariah,Base Breakout (Syariah),breakout,Tight bases followed by volume breakouts lead to sustained trend moves. This effect is stronger within the syariah universe.,base_breakout_syariah_basePeriod20_breakoutPct1.5,6,6,walk_forward,69.24,61.98,2.45,2.45,-16.97,4.08,46.3,88.9,5,108,1.56,5.8291,0.239,"",0.0,0.0,0.0,0.0,-inf,-1.02,1
keltner_oversold_value_pe,Keltner Channel Oversold (Value (PE)),multi_factor,Touches of the lower Keltner Channel often precede mean reversion in range-bound markets. This effect is stronger among low-PE stocks.,keltner_oversold_value_pe_period20_atrPeriod14_multiplier2.0_max15,81,74,walk_forward,116.6,103.09,1.6,11.5,-16.01,7.28,46.6,66.7,6,103,1.64,5.683,0.298,"",0.0,0.0,0.0,0.0,2.4239,5.79,1
obv_trend_value_pbv,OBV Trend (Value (PBV)),multi_factor,OBV uptrends reveal accumulation that precedes price moves. This effect is stronger among low-PBV stocks.,obv_trend_value_pbv_max1.2,3,3,walk_forward,98.51,87.49,3.02,3.02,-20.67,4.77,46.6,100.0,8,148,1.62,5.4811,0.402,"",0.0,0.0,0.0,0.0,9.936,28.58,1
volatility_breakout_high_margin,Volatility Breakout (High Margin (NPM)),multi_factor,Volatility spikes often mark the start of directional moves. This effect is stronger among high-margin companies.,volatility_breakout_high_margin_period30_multiplier1.5_min20,27,15,walk_forward,72.06,64.46,2.31,2.31,-22.5,3.2,42.3,77.8,6,163,1.4,5.2479,0.255,"",0.0,0.0,0.0,0.0,3.5064,10.73,1
rsi_oversold_syariah,RSI Oversold Bounce (Syariah),mean_reversion,"After sharp short-term declines, prices mean-revert as selling pressure exhausts. This effect is stronger within the syariah universe.",rsi_oversold_syariah_period10_oversold25,9,9,walk_forward,96.0,85.31,3.37,3.37,-12.38,7.75,47.8,100.0,6,136,1.78,5.2477,0.312,"",0.0,0.0,0.0,0.0,10.7045,28.41,1
volume_spike_value_pe,Volume Spike (Value (PE)),multi_factor,Unusual volume signals informed participation and continuation risk/reward. This effect is stronger among low-PE stocks.,volume_spike_value_pe_period10_threshold2.0_max12,18,17,walk_forward,75.27,67.26,2.77,25.33,-19.46,3.87,43.6,77.8,7,149,1.39,5.2051,0.262,"",0.0,0.0,0.0,0.0,-inf,-0.49,1
bullish_marubozu,Bullish Marubozu,candlestick,Marubozu candles indicate strong directional conviction.,bullish_marubozu_v0,1,1,walk_forward,66.48,59.56,2.82,2.82,-19.05,3.49,41.9,88.9,7,148,1.28,5.2036,0.0,"",0.0,0.0,0.0,0.0,6.5047,18.31,1
adx_trend_high_margin,ADX Trend Strength (High Margin (NPM)),multi_factor,Trends with stronger ADX are more likely to continue. This effect is stronger among high-margin companies.,adx_trend_high_margin_period20_threshold20_min15,18,18,walk_forward,71.39,63.86,3.19,3.19,-23.04,3.1,40.4,88.9,8,146,1.27,5.1506,0.396,"",0.0,0.0,0.0,0.0,-inf,-2.61,1
donchian_breakout_quality_roe,Donchian Breakout (Quality (ROE)),multi_factor,Breaks above multi-week highs tend to continue as shorts cover and momentum traders enter. This effect is stronger among high-ROE stocks.,donchian_breakout_quality_roe_period20_min16,9,9,walk_forward,86.4,76.97,2.39,2.39,-15.42,5.6,41.2,88.9,6,153,1.36,5.0815,0.295,"",0.0,0.0,0.0,0.0,6.3574,16.86,1
ema_crossover_largecap,EMA Crossover Trend (Large Cap),trend,EMA crossovers capture trend accelerations earlier than SMA-based signals. This effect is stronger in large-cap stocks.,ema_crossover_largecap_shortPeriod8_longPeriod20,4,4,walk_forward,71.58,64.03,3.85,3.85,-20.85,3.43,44.1,100.0,7,111,1.62,4.9957,0.269,"",0.0,0.0,0.0,0.0,6.7113,17.49,1
sma_crossover_quality_roe,SMA Crossover Trend (Quality (ROE)),multi_factor,SMA crossovers capture sustained trends while reducing noise. This effect is stronger among high-ROE stocks.,sma_crossover_quality_roe_shortPeriod20_longPeriod100_min12,18,17,walk_forward,44.3,39.96,2.54,2.54,-11.82,3.75,44.6,77.8,6,65,1.69,4.9943,0.309,"",0.0,0.0,0.0,0.0,4.5489,10.66,1
rsi_oversold_value_pe,RSI Oversold Bounce (Value (PE)),multi_factor,"After sharp short-term declines, prices mean-revert as selling pressure exhausts. This effect is stronger among low-PE stocks.",rsi_oversold_value_pe_period10_oversold25_max8,27,27,walk_forward,85.99,76.61,2.54,2.54,-9.34,9.21,48.6,88.9,6,105,2.04,4.9262,0.328,"",0.0,0.0,0.0,0.0,9.5347,24.2,1
obv_trend_quality_roe,OBV Trend (Quality (ROE)),multi_factor,OBV uptrends reveal accumulation that precedes price moves. This effect is stronger among high-ROE stocks.,obv_trend_quality_roe_min20,3,3,walk_forward,77.88,69.55,3.62,3.62,-20.59,3.78,41.7,100.0,8,144,1.42,4.9249,0.2,"",0.0,0.0,0.0,0.0,1.9038,5.61,1
adx_trend_value_pbv,ADX Trend Strength (Value (PBV)),multi_factor,Trends with stronger ADX are more likely to continue. This effect is stronger among low-PBV stocks.,adx_trend_value_pbv_period14_threshold20_max1.6,18,18,walk_forward,69.76,62.43,2.26,2.26,-20.53,3.4,40.4,100.0,6,171,1.4,4.8721,0.52,"",0.0,0.0,0.0,0.0,4.0794,11.81,1
ema_crossover_base,EMA Crossover Trend (Baseline),trend,EMA crossovers capture trend accelerations earlier than SMA-based signals.,ema_crossover_base_shortPeriod8_longPeriod20,4,4,walk_forward,62.77,56.3,3.73,3.73,-18.18,3.45,40.9,100.0,8,149,1.36,4.8645,0.351,"",0.0,0.0,0.0,0.0,3.7239,9.65,1
rsi_oversold_base,RSI Oversold Bounce (Baseline),mean_reversion,"After sharp short-term declines, prices mean-revert as selling pressure exhausts.",rsi_oversold_base_period10_oversold25,9,9,walk_forward,67.19,60.18,2.94,2.94,-14.81,4.54,45.0,88.9,6,131,1.53,4.732,0.325,"",0.0,0.0,0.0,0.0,4.2358,10.62,1
macd_crossover_value_pe,MACD Crossover Momentum (Value (PE)),multi_factor,MACD bullish cross captures momentum shifts that persist in the medium term. This effect is stronger among low-PE stocks.,macd_crossover_value_pe_fastPeriod10_slowPeriod24_signalPeriod9_max8,24,14,walk_forward,45.22,40.78,2.89,2.89,-17.55,2.58,42.9,100.0,6,126,1.33,4.7186,0.299,"",0.0,0.0,0.0,0.0,3.7056,9.89,1
supertrend_base,Supertrend Continuation (Baseline),trend,Supertrend flips capture persistent trends with adaptive volatility bands.,supertrend_base_period10_multiplier2.5,4,4,walk_forward,45.37,40.91,2.37,2.37,-12.68,3.58,38.9,100.0,5,149,1.28,4.5654,0.429,"",0.0,0.0,0.0,0.0,4.556,10.31,1
sma_trend_largecap,SMA Trend Filter (Large Cap),trend,Staying aligned with the prevailing SMA trend improves win rate. This effect is stronger in large-cap stocks.,sma_trend_largecap_shortPeriod30_longPeriod100,4,4,walk_forward,101.95,90.46,2.0,2.0,-27.61,3.69,44.6,77.8,6,130,1.55,4.5074,0.326,"",0.0,0.0,0.0,0.0,4.2522,14.32,1
vwap_above_value_pbv,VWAP Support (Value (PBV)),multi_factor,Holding above VWAP indicates institutional support and trend persistence. This effect is stronger among low-PBV stocks.,vwap_above_value_pbv_max1.2,3,3,walk_forward,57.34,51.51,2.43,2.43,-24.11,2.38,44.8,100.0,7,134,1.47,4.4959,0.349,"",0.0,0.0,0.0,0.0,0.6737,3.1,1
ema_crossover_syariah,EMA Crossover Trend (Syariah),trend,EMA crossovers capture trend accelerations earlier than SMA-based signals. This effect is stronger within the syariah universe.,ema_crossover_syariah_shortPeriod12_longPeriod20,4,4,walk_forward,58.45,52.49,1.67,3.83,-22.79,2.56,43.8,77.8,6,144,1.45,4.2834,0.378,"",0.0,0.0,0.0,0.0,-inf,-20.69,1
sma_crossover_syariah_atr_risk,SMA Crossover + ATR Risk (Syariah),trend,ATR-based exits reduce regime-dependent risk for SMA trend strategies.,sma_crossover_syariah_atr_risk_shortPeriod30_longPeriod100_atrMultiplier2.5_riskRewardRatio2.5,54,41,walk_forward,61.02,54.76,2.19,2.19,-24.44,2.5,54.1,66.7,6,37,2.1,4.1994,0.291,"",0.0,0.0,0.0,0.0,-inf,10.39,1
donchian_breakout_value_pe,Donchian Breakout (Value (PE)),multi_factor,Breaks above multi-week highs tend to continue as shorts cover and momentum traders enter. This effect is stronger among low-PE stocks.,donchian_breakout_value_pe_period20_max15,9,9,walk_forward,111.6,98.79,3.73,3.73,-16.87,6.62,43.6,100.0,7,156,1.46,4.1902,0.315,"",0.0,0.0,0.0,0.0,6.7467,18.38,1
sma_crossover_low_debt,SMA Crossover Trend (Low Debt (DE)),multi_factor,SMA crossovers capture sustained trends while reducing noise. This effect is stronger among low-debt stocks.,sma_crossover_low_debt_shortPeriod15_longPeriod50_max0.6,18,15,walk_forward,63.16,56.64,5.91,5.91,-9.92,6.36,42.4,100.0,7,118,1.59,4.1872,0.273,"",0.0,0.0,0.0,0.0,7.6814,19.04,1
sma_trend_value_pbv,SMA Trend Filter (Value (PBV)),multi_factor,Staying aligned with the prevailing SMA trend improves win rate. This effect is stronger among low-PBV stocks.,sma_trend_value_pbv_shortPeriod30_longPeriod100_max1.6,12,12,walk_forward,60.21,54.04,2.1,2.1,-19.12,3.15,46.2,77.8,6,91,1.57,4.165,0.26,"",0.0,0.0,0.0,0.0,1.18,3.12,1
vwap_above_largecap,VWAP Support (Large Cap),volume,Holding above VWAP indicates institutional support and trend persistence. This effect is stronger in large-cap stocks.,vwap_above_largecap_v0,1,1,walk_forward,63.44,56.89,2.57,2.57,-21.15,3.0,42.3,88.9,6,156,1.31,4.129,0.0,"",0.0,0.0,0.0,0.0,-inf,-5.78,1
ema_crossover_high_margin,EMA Crossover Trend (High Margin (NPM)),multi_factor,EMA crossovers capture trend accelerations earlier than SMA-based signals. This effect is stronger among high-margin companies.,ema_crossover_high_margin_shortPeriod8_longPeriod26_min10,12,12,walk_forward,56.67,50.91,3.23,3.23,-15.93,3.56,45.2,88.9,7,104,1.49,3.8247,0.339,"",0.0,0.0,0.0,0.0,-inf,-4.8,1
stoch_oversold_quality_roe,Stochastic Oversold Bounce (Quality (ROE)),multi_factor,Oversold stochastic readings signal short-term mean reversion as momentum resets. This effect is stronger among high-ROE stocks.,stoch_oversold_quality_roe_kPeriod10_oversold30_dPeriod3_min16_signalWindow7,216,173,walk_forward,93.19,82.88,3.28,3.28,-18.26,5.1,45.1,100.0,8,102,1.64,3.7126,0.34,"",0.0,0.0,0.0,0.0,1.0036,2.37,1
sma_trend_value_pe,SMA Trend Filter (Value (PE)),multi_factor,Staying aligned with the prevailing SMA trend improves win rate. This effect is stronger among low-PE stocks.,sma_trend_value_pe_shortPeriod30_longPeriod100_max8,12,10,walk_forward,69.69,62.37,2.2,2.2,-27.67,2.52,46.7,77.8,6,105,1.61,3.6647,0.335,"",0.0,0.0,0.0,0.0,7.5796,23.85,1
vwap_above_high_margin,VWAP Support (High Margin (NPM)),multi_factor,Holding above VWAP indicates institutional support and trend persistence. This effect is stronger among high-margin companies.,vwap_above_high_margin_min10,3,3,walk_forward,40.44,36.52,2.16,2.16,-17.81,2.27,40.7,88.9,5,135,1.22,3.5711,0.291,"",0.0,0.0,0.0,0.0,-inf,-3.09,1
seasonality_month_end,Seasonality Month End,seasonality,Month-end flows create systematic strength in the last 3 trading days.,seasonality_month_end_v0,1,1,walk_forward,109.89,97.32,2.94,2.94,-14.23,7.72,42.4,100.0,7,172,1.53,3.476,0.0,"",0.0,0.0,0.0,0.0,16.379,44.85,1
volatility_breakout_liquid,Volatility Breakout (High Liquidity),breakout,Volatility spikes often mark the start of directional moves. This effect is stronger in highly liquid stocks.,volatility_breakout_liquid_period15_multiplier1.5_minDailyValue1000000000,27,10,walk_forward,39.14,35.36,2.18,20.89,-18.86,2.07,38.8,77.8,6,160,1.29,3.3608,0.25,"",0.0,0.0,0.0,0.0,7.3232,20.6,1
bollinger_bounce_value_pe,Bollinger Band Bounce (Value (PE)),multi_factor,Prices often revert after touching the lower Bollinger Band during stable regimes. This effect is stronger among low-PE stocks.,bollinger_bounce_value_pe_period20_stdDev2.0_max12,18,16,walk_forward,64.73,58.01,3.6,3.6,-14.46,4.48,50.0,100.0,7,94,1.65,3.3222,0.349,"",0.0,0.0,0.0,0.0,6.0798,15.79,1
rsi_oversold_low_debt,RSI Oversold Bounce (Low Debt (DE)),multi_factor,"After sharp short-term declines, prices mean-revert as selling pressure exhausts. This effect is stronger among low-debt stocks.",rsi_oversold_low_debt_period10_oversold25_max0.8,27,22,walk_forward,61.01,54.75,2.69,2.69,-16.13,3.78,46.7,88.9,6,120,1.62,3.3193,0.331,"",0.0,0.0,0.0,0.0,2.5996,6.32,1
vpt_momentum_value_pe,Volume Price Trend (Value (PE)),multi_factor,VPT momentum suggests demand pressure that sustains price trends. This effect is stronger among low-PE stocks.,vpt_momentum_value_pe_max8,3,3,walk_forward,76.74,68.54,2.27,2.27,-22.92,3.35,42.5,100.0,6,167,1.41,3.3127,0.342,"",0.0,0.0,0.0,0.0,8.7109,25.72,1
pivot_support_value_pbv,Pivot Support Bounce (Value (PBV)),multi_factor,Prices tend to bounce after testing pivot support levels due to order clustering. This effect is stronger among low-PBV stocks.,pivot_support_value_pbv_max0.8,3,3,walk_forward,114.33,101.14,2.85,2.85,-12.73,8.98,52.3,100.0,9,107,2.0,3.2656,0.39,"",0.0,0.0,0.0,0.0,14.038,38.03,1
rounding_bottom,Rounding Bottom,chart_pattern,Rounding bottoms suggest gradual accumulation.,rounding_bottom_v0,1,1,walk_forward,34.82,31.51,1.36,6.01,-23.13,1.51,38.7,66.7,5,155,1.25,3.162,0.0,"",0.0,0.0,0.0,0.0,-inf,-8.27,1
keltner_oversold_base,Keltner Channel Oversold (Baseline),mean_reversion,Touches of the lower Keltner Channel often precede mean reversion in range-bound markets.,keltner_oversold_base_period20_atrPeriod14_multiplier2.0,8,8,walk_forward,116.62,103.11,1.56,12.5,-17.8,6.55,43.0,66.7,6,121,1.44,3.1256,0.417,"",0.0,0.0,0.0,0.0,3.2457,8.65,1
sma_crossover_syariah,SMA Crossover Trend (Syariah),trend,SMA crossovers capture sustained trends while reducing noise. This effect is stronger within the syariah universe.,sma_crossover_syariah_shortPeriod15_longPeriod50,20,10,walk_forward,58.95,52.93,2.03,2.03,-14.21,4.15,42.1,88.9,5,126,1.5,3.125,0.394,"",0.0,0.0,0.0,0.0,2.6375,5.88,1
vwap_above_base,VWAP Support (Baseline),volume,Holding above VWAP indicates institutional support and trend persistence.,vwap_above_base_v0,1,1,walk_forward,65.7,58.87,3.1,3.1,-18.61,3.53,42.7,88.9,8,157,1.33,3.0356,0.0,"",0.0,0.0,0.0,0.0,-inf,1.3,1
obv_trend_value_pe,OBV Trend (Value (PE)),multi_factor,OBV uptrends reveal accumulation that precedes price moves. This effect is stronger among low-PE stocks.,obv_trend_value_pe_max15,3,2,walk_forward,67.36,60.33,2.33,2.33,-15.46,4.36,43.0,88.9,5,128,1.41,2.9943,0.387,"",0.0,0.0,0.0,0.0,9.5029,25.51,1
stoch_oversold_vol_regime,Stochastic Oversold + Vol Regime,mean_reversion,Mean reversion improves when oversold signals align with volatility regimes.,stoch_oversold_vol_regime_kPeriod14_oversold25_signalWindow7_modeLOW_VOL_period15_lookback60,216,127,walk_forward,70.01,62.66,2.77,2.77,-12.47,5.61,50.6,88.9,7,81,1.84,2.9754,0.346,"",0.0,0.0,0.0,0.0,3.4714,7.77,1
supertrend_largecap,Supertrend Continuation (Large Cap),trend,Supertrend flips capture persistent trends with adaptive volatility bands. This effect is stronger in large-cap stocks.,supertrend_largecap_period10_multiplier2.5,4,4,walk_forward,36.42,32.94,2.56,2.56,-14.5,2.51,37.7,100.0,5,146,1.21,2.8135,0.852,"",0.0,0.0,0.0,0.0,4.3501,9.78,1
macd_crossover_quality_roe,MACD Crossover Momentum (Quality (ROE)),multi_factor,MACD bullish cross captures momentum shifts that persist in the medium term. This effect is stronger among high-ROE stocks.,macd_crossover_quality_roe_fastPeriod10_slowPeriod24_signalPeriod12_min16,24,21,walk_forward,55.55,49.92,2.54,2.54,-16.58,3.35,43.7,88.9,6,126,1.4,2.8033,0.38,"",0.0,0.0,0.0,0.0,4.8853,10.11,1
supertrend_quality_roe,Supertrend Continuation (Quality (ROE)),multi_factor,Supertrend flips capture persistent trends with adaptive volatility bands. This effect is stronger among high-ROE stocks.,supertrend_quality_roe_period10_multiplier2.5_min20,12,12,walk_forward,35.07,31.73,2.13,2.13,-14.02,2.5,38.8,88.9,6,139,1.26,2.6693,0.498,"",0.0,0.0,0.0,0.0,4.2145,10.33,1
adx_trend_quality_roe,ADX Trend Strength (Quality (ROE)),multi_factor,Trends with stronger ADX are more likely to continue. This effect is stronger among high-ROE stocks.,adx_trend_quality_roe_period14_threshold20_min20,18,18,walk_forward,27.48,24.93,2.56,2.56,-17.72,1.55,37.5,88.9,6,160,1.22,2.6538,0.346,"",0.0,0.0,0.0,0.0,-inf,-6.96,1
macd_crossover_base,MACD Crossover Momentum (Baseline),momentum,MACD bullish cross captures momentum shifts that persist in the medium term.,macd_crossover_base_fastPeriod12_slowPeriod26_signalPeriod12,8,7,walk_forward,17.58,16.0,1.44,6.39,-20.31,0.87,41.2,77.8,5,136,1.1,2.5804,0.363,"",0.0,0.0,0.0,0.0,3.8216,10.22,1
stoch_oversold_liquid,Stochastic Oversold Bounce (High Liquidity),mean_reversion,Oversold stochastic readings signal short-term mean reversion as momentum resets. This effect is stronger in highly liquid stocks.,stoch_oversold_liquid_kPeriod20_oversold30_dPeriod5_minDailyValue1000000000_signalWindow3,216,144,walk_forward,55.04,49.48,1.99,44.34,-17.74,3.1,42.9,66.7,6,105,1.44,2.5366,0.355,"",0.0,0.0,0.0,0.0,-inf,0.65,1
macd_crossover_high_margin,MACD Crossover Momentum (High Margin (NPM)),multi_factor,MACD bullish cross captures momentum shifts that persist in the medium term. This effect is stronger among high-margin companies.,macd_crossover_high_margin_fastPeriod10_slowPeriod24_signalPeriod9_min10,24,22,walk_forward,39.49,35.67,5.82,5.82,-16.13,2.45,39.7,100.0,5,116,1.31,2.5182,0.432,"",0.0,0.0,0.0,0.0,3.9756,8.71,1
keltner_oversold_largecap,Keltner Channel Oversold (Large Cap),mean_reversion,Touches of the lower Keltner Channel often precede mean reversion in range-bound markets. This effect is stronger in large-cap stocks.,keltner_oversold_largecap_period20_atrPeriod10_multiplier1.5,8,8,walk_forward,39.2,35.41,1.35,6.48,-19.2,2.04,38.8,66.7,5,116,1.27,2.4318,0.41,"",0.0,0.0,0.0,0.0,-inf,-8.31,1
keltner_oversold_value_pbv,Keltner Channel Oversold (Value (PBV)),multi_factor,Touches of the lower Keltner Channel often precede mean reversion in range-bound markets. This effect is stronger among low-PBV stocks.,keltner_oversold_value_pbv_period20_atrPeriod14_multiplier2.0_max1.6,24,24,walk_forward,51.71,46.54,1.78,9.35,-15.05,3.44,45.9,77.8,6,98,1.61,2.4032,0.385,"",0.0,0.0,0.0,0.0,1.3287,2.38,1
rsi_oversold_high_margin,RSI Oversold Bounce (High Margin (NPM)),multi_factor,"After sharp short-term declines, prices mean-revert as selling pressure exhausts. This effect is stronger among high-margin companies.",rsi_oversold_high_margin_period14_oversold35_min10,27,21,walk_forward,53.48,48.1,1.38,4.12,-19.65,2.72,42.0,77.8,6,119,1.36,2.3812,0.347,"",0.0,0.0,0.0,0.0,2.8052,6.59,1
keltner_oversold_quality_roe,Keltner Channel Oversold (Quality (ROE)),multi_factor,Touches of the lower Keltner Channel often precede mean reversion in range-bound markets. This effect is stronger among high-ROE stocks.,keltner_oversold_quality_roe_period30_atrPeriod10_multiplier2.0_min16,24,20,walk_forward,79.49,70.95,2.12,2.12,-16.92,4.7,43.8,88.9,6,112,1.53,2.3689,0.386,"",0.0,0.0,0.0,0.0,4.3821,11.64,1
doji_reversal,Doji Reversal,candlestick,Doji after decline signals indecision and reversal potential.,doji_reversal_v0,1,1,walk_forward,56.45,50.72,2.13,2.13,-13.51,4.18,42.6,88.9,5,129,1.52,2.288,0.0,"",0.0,0.0,0.0,0.0,1.7642,3.19,1
rsi_macd_combo_syariah,RSI + MACD Momentum (Syariah),momentum,Momentum signals are stronger when RSI and MACD agree on direction. This effect is stronger within the syariah universe.,rsi_macd_combo_syariah_period14_oversold35_fastPeriod10_slowPeriod24,16,11,walk_forward,40.16,36.27,2.86,2.86,-20.45,1.96,44.9,100.0,5,107,1.58,2.2415,0.395,"",0.0,0.0,0.0,0.0,2.4858,4.15,1
vwap_above_value_pe,VWAP Support (Value (PE)),multi_factor,Holding above VWAP indicates institutional support and trend persistence. This effect is stronger among low-PE stocks.,vwap_above_value_pe_max12,3,3,walk_forward,65.86,59.01,2.28,2.28,-17.36,3.79,44.7,100.0,6,132,1.43,2.2372,0.292,"",0.0,0.0,0.0,0.0,11.742,32.21,1
ascending_triangle,Ascending Triangle,chart_pattern,Ascending triangle breakouts indicate demand pressure.,ascending_triangle_v0,1,1,walk_forward,26.42,23.98,2.37,186.02,-7.9,3.34,45.8,77.8,5,59,1.57,2.1838,0.0,"",0.0,0.0,0.0,0.0,-inf,9.57,1
rsi_oversold_quality_roe,RSI Oversold Bounce (Quality (ROE)),multi_factor,"After sharp short-term declines, prices mean-revert as selling pressure exhausts. This effect is stronger among high-ROE stocks.",rsi_oversold_quality_roe_period10_oversold30_min12,27,27,walk_forward,60.7,54.47,1.85,50.28,-13.85,4.38,45.1,77.8,6,113,1.43,2.1459,0.445,"",0.0,0.0,0.0,0.0,2.6071,5.61,1
pivot_support_high_margin,Pivot Support Bounce (High Margin (NPM)),multi_factor,Prices tend to bounce after testing pivot support levels due to order clustering. This effect is stronger among high-margin companies.,pivot_support_high_margin_min10,3,3,walk_forward,49.9,44.93,1.59,4.29,-20.03,2.49,40.7,77.8,5,123,1.27,2.115,0.253,"",0.0,0.0,0.0,0.0,-inf,-8.13,1
seasonality_month_start,Seasonality Month Start,seasonality,Month-start flows create systematic strength in the first 3 trading days.,seasonality_month_start_v0,1,1,walk_forward,42.95,38.76,2.09,2.09,-19.19,2.24,39.2,88.9,5,189,1.2,2.0139,0.0,"",0.0,0.0,0.0,0.0,-inf,-6.6,1
bull_flag,Bull Flag,chart_pattern,Bull flags represent consolidation before continuation.,bull_flag_v0,1,1,walk_forward,38.26,34.58,1.88,1.88,-17.38,2.2,40.4,88.9,6,171,1.25,1.9893,0.0,"",0.0,0.0,0.0,0.0,-inf,-6.68,1
tweezer_bottom,Tweezer Bottom,candlestick,Tweezer bottoms signal reliable support and rebound potential.,tweezer_bottom_v0,1,1,walk_forward,35.37,32.0,3.66,3.66,-18.28,1.94,40.2,100.0,5,132,1.22,1.8845,0.0,"",0.0,0.0,0.0,0.0,3.6897,8.34,1
rsi_macd_combo_low_debt,RSI + MACD Momentum (Low Debt (DE)),multi_factor,Momentum signals are stronger when RSI and MACD agree on direction. This effect is stronger among low-debt stocks.,rsi_macd_combo_low_debt_period14_oversold35_fastPeriod12_slowPeriod26_max0.6,48,40,walk_forward,25.16,22.84,2.72,2.72,-14.1,1.78,41.2,88.9,5,80,1.37,1.8354,0.426,"",0.0,0.0,0.0,0.0,-inf,-0.58,1
adx_trend_value_pe,ADX Trend Strength (Value (PE)),multi_factor,Trends with stronger ADX are more likely to continue. This effect is stronger among low-PE stocks.,adx_trend_value_pe_period14_threshold20_max15,18,18,walk_forward,68.0,60.89,1.85,1.85,-17.24,3.95,41.8,100.0,5,153,1.41,1.7666,0.265,"",0.0,0.0,0.0,0.0,12.7584,35.66,1
keltner_oversold_low_debt,Keltner Channel Oversold (Low Debt (DE)),multi_factor,Touches of the lower Keltner Channel often precede mean reversion in range-bound markets. This effect is stronger among low-debt stocks.,keltner_oversold_low_debt_period30_atrPeriod10_multiplier1.5_max0.8,24,19,walk_forward,29.31,26.57,2.16,11.21,-24.01,1.22,38.8,77.8,6,139,1.28,1.7406,0.373,"",0.0,0.0,0.0,0.0,-inf,-0.54,1
parabolic_sar_quality_roe,Parabolic SAR Trend (Quality (ROE)),multi_factor,Parabolic SAR flips track trend changes efficiently in trending markets. This effect is stronger among high-ROE stocks.,parabolic_sar_quality_roe_afMax0.15_afStep0.02_min20,12,8,walk_forward,42.03,37.93,1.55,7.89,-24.59,1.71,42.2,66.7,5,128,1.37,1.7164,0.234,"",0.0,0.0,0.0,0.0,-inf,-8.61,1
base_breakout_value_pbv,Base Breakout (Value (PBV)),multi_factor,Tight bases followed by volume breakouts lead to sustained trend moves. This effect is stronger among low-PBV stocks.,base_breakout_value_pbv_basePeriod20_breakoutPct2.0_max1.6,18,4,walk_forward,26.31,23.88,1.49,4.99,-14.04,1.87,42.3,66.7,5,104,1.25,1.7151,0.309,"",0.0,0.0,0.0,0.0,2.0658,4.2,1
volume_spike_quality_roe,Volume Spike (Quality (ROE)),multi_factor,Unusual volume signals informed participation and continuation risk/reward. This effect is stronger among high-ROE stocks.,volume_spike_quality_roe_period10_threshold2.0_min20,18,18,walk_forward,57.76,51.88,1.69,14.27,-16.44,3.51,38.2,77.8,5,165,1.25,1.6239,0.313,"",0.0,0.0,0.0,0.0,-inf,-4.62,1
vwap_above_quality_roe,VWAP Support (Quality (ROE)),multi_factor,Holding above VWAP indicates institutional support and trend persistence. This effect is stronger among high-ROE stocks.,vwap_above_quality_roe_min20,3,3,walk_forward,44.45,40.09,2.15,8.96,-21.28,2.09,40.9,77.8,6,154,1.31,1.578,0.345,"",0.0,0.0,0.0,0.0,-inf,0.98,1
cup_and_handle,Cup And Handle,chart_pattern,Cup and handle patterns reflect staged accumulation.,cup_and_handle_v0,1,1,walk_forward,20.23,18.4,2.46,2.46,-12.7,1.59,38.7,88.9,5,75,1.33,1.5476,0.0,"",0.0,0.0,0.0,0.0,2.635,4.84,1
rsi_macd_combo_value_pe,RSI + MACD Momentum (Value (PE)),multi_factor,Momentum signals are stronger when RSI and MACD agree on direction. This effect is stronger among low-PE stocks.,rsi_macd_combo_value_pe_period20_oversold30_fastPeriod10_slowPeriod26_max12,48,48,walk_forward,27.77,25.18,3.25,3.25,-17.21,1.61,44.6,100.0,5,65,1.35,1.491,0.477,"",0.0,0.0,0.0,0.0,-inf,5.13,1
parabolic_sar_value_pbv,Parabolic SAR Trend (Value (PBV)),multi_factor,Parabolic SAR flips track trend changes efficiently in trending markets. This effect is stronger among low-PBV stocks.,parabolic_sar_value_pbv_afMax0.15_afStep0.02_max1.6,12,12,walk_forward,39.39,35.59,1.17,4.76,-18.48,2.13,43.2,66.7,5,118,1.31,1.4592,0.279,"",0.0,0.0,0.0,0.0,8.1473,22.84,1
ema_crossover_liquid,EMA Crossover Trend (High Liquidity),trend,EMA crossovers capture trend accelerations earlier than SMA-based signals. This effect is stronger in highly liquid stocks.,ema_crossover_liquid_shortPeriod12_longPeriod20_minDailyValue2000000000,12,12,walk_forward,27.98,25.38,1.52,3.87,-20.65,1.35,41.1,77.8,5,146,1.23,1.4296,0.412,"",0.0,0.0,0.0,0.0,-inf,-10.96,1
rsi_oversold_largecap,RSI Oversold Bounce (Large Cap),mean_reversion,"After sharp short-term declines, prices mean-revert as selling pressure exhausts. This effect is stronger in large-cap stocks.",rsi_oversold_largecap_period20_oversold30,9,9,walk_forward,66.48,59.55,1.58,11.47,-9.64,6.9,45.5,77.8,6,99,1.72,1.4175,0.421,"",0.0,0.0,0.0,0.0,7.4358,18.18,1
bollinger_bounce_largecap,Bollinger Band Bounce (Large Cap),mean_reversion,Prices often revert after touching the lower Bollinger Band during stable regimes. This effect is stronger in large-cap stocks.,bollinger_bounce_largecap_period20_stdDev1.8,6,3,walk_forward,34.51,31.23,1.62,11.49,-18.32,1.88,43.3,77.8,5,90,1.26,1.4132,0.305,"",0.0,0.0,0.0,0.0,-inf,-3.86,1
macd_crossover_low_debt,MACD Crossover Momentum (Low Debt (DE)),multi_factor,MACD bullish cross captures momentum shifts that persist in the medium term. This effect is stronger among low-debt stocks.,macd_crossover_low_debt_fastPeriod10_slowPeriod26_signalPeriod9_max0.8,24,22,walk_forward,32.91,29.8,2.01,2.01,-23.91,1.38,37.4,88.9,6,147,1.17,1.3808,0.359,"",0.0,0.0,0.0,0.0,-inf,-6.43,1
supertrend_value_pbv,Supertrend Continuation (Value (PBV)),multi_factor,Supertrend flips capture persistent trends with adaptive volatility bands. This effect is stronger among low-PBV stocks.,supertrend_value_pbv_period10_multiplier2.5_max1.2,12,12,walk_forward,31.22,28.29,2.56,2.56,-29.29,1.07,42.5,88.9,5,134,1.2,1.3604,0.497,"",0.0,0.0,0.0,0.0,-inf,-4.72,1
base_breakout_value_pe,Base Breakout (Value (PE)),multi_factor,Tight bases followed by volume breakouts lead to sustained trend moves. This effect is stronger among low-PE stocks.,base_breakout_value_pe_basePeriod20_breakoutPct2.5_max12,18,13,walk_forward,28.37,25.73,1.63,3.8,-12.85,2.21,42.6,77.8,6,94,1.29,1.3149,0.342,"",0.0,0.0,0.0,0.0,3.0063,5.47,1
rising_three_methods,Rising Three Methods,candlestick,Rising three methods suggests continuation after consolidation.,rising_three_methods_v0,1,1,walk_forward,85.14,75.88,1.79,16.19,-20.33,4.19,41.7,77.8,7,175,1.36,1.2401,0.0,"",0.0,0.0,0.0,0.0,-inf,1.69,1
base_breakout_low_debt,Base Breakout (Low Debt (DE)),multi_factor,Tight bases followed by volume breakouts lead to sustained trend moves. This effect is stronger among low-debt stocks.,base_breakout_low_debt_basePeriod30_breakoutPct1.5_max0.8,18,8,walk_forward,22.51,20.46,2.82,2.82,-13.37,1.68,38.9,100.0,3,95,1.11,1.1614,0.321,"",0.0,0.0,0.0,0.0,2.0681,4.01,1
ema_crossover_value_pe,EMA Crossover Trend (Value (PE)),multi_factor,EMA crossovers capture trend accelerations earlier than SMA-based signals. This effect is stronger among low-PE stocks.,ema_crossover_value_pe_shortPeriod8_longPeriod26_max15,12,11,walk_forward,25.4,23.05,1.61,1.61,-13.99,1.82,41.5,88.9,5,118,1.25,1.08,0.354,"",0.0,0.0,0.0,0.0,-inf,-8.99,1
rsi_macd_combo_quality_roe,RSI + MACD Momentum (Quality (ROE)),multi_factor,Momentum signals are stronger when RSI and MACD agree on direction. This effect is stronger among high-ROE stocks.,rsi_macd_combo_quality_roe_period14_oversold35_fastPeriod10_slowPeriod26_min12,48,30,walk_forward,25.77,23.39,1.97,1.97,-14.6,1.77,43.8,88.9,4,89,1.34,0.9967,0.45,"",0.0,0.0,0.0,0.0,-inf,-3.66,1
keltner_oversold_liquid,Keltner Channel Oversold (High Liquidity),mean_reversion,Touches of the lower Keltner Channel often precede mean reversion in range-bound markets. This effect is stronger in highly liquid stocks.,keltner_oversold_liquid_period20_atrPeriod10_multiplier2.0_minDailyValue2000000000,24,21,walk_forward,40.14,36.26,1.66,12.13,-17.94,2.24,39.5,66.7,5,119,1.24,0.9698,0.46,"",0.0,0.0,0.0,0.0,-inf,-2.22,1
macd_crossover_syariah,MACD Crossover Momentum (Syariah),momentum,MACD bullish cross captures momentum shifts that persist in the medium term. This effect is stronger within the syariah universe.,macd_crossover_syariah_fastPeriod10_slowPeriod26_signalPeriod9,8,6,walk_forward,27.46,24.91,2.03,2.03,-21.26,1.29,35.2,88.9,5,162,1.13,0.9445,0.55,"",0.0,0.0,0.0,0.0,-inf,-8.94,1
volatility_regime_low,Volatility Regime Low,regime,Low-volatility regimes favor trend continuation strategies.,volatility_regime_low_v0,1,1,walk_forward,79.4,70.87,1.55,119.07,-14.95,5.31,43.4,66.7,5,106,1.64,0.9314,0.0,"",0.0,0.0,0.0,0.0,-inf,1.57,1
rsi_oversold_liquid,RSI Oversold Bounce (High Liquidity),mean_reversion,"After sharp short-term declines, prices mean-revert as selling pressure exhausts. This effect is stronger in highly liquid stocks.",rsi_oversold_liquid_period10_oversold25_minDailyValue500000000,27,26,walk_forward,34.17,30.93,2.57,2.57,-17.32,1.97,43.0,88.9,4,121,1.33,0.9225,0.347,"",0.0,0.0,0.0,0.0,-inf,-1.29,1
bollinger_bounce_base,Bollinger Band Bounce (Baseline),mean_reversion,Prices often revert after touching the lower Bollinger Band during stable regimes.,bollinger_bounce_base_period20_stdDev1.8,6,4,walk_forward,37.41,33.82,1.46,6.18,-18.33,2.04,43.8,55.6,5,96,1.31,0.8573,0.361,"",0.0,0.0,0.0,0.0,-inf,-2.05,1
volume_spike_liquid,Volume Spike (High Liquidity),volume,Unusual volume signals informed participation and continuation risk/reward. This effect is stronger in highly liquid stocks.,volume_spike_liquid_period10_threshold2.0_minDailyValue1000000000,18,9,walk_forward,26.67,24.2,1.53,5.42,-20.35,1.31,36.9,77.8,6,179,1.17,0.856,0.332,"",0.0,0.0,0.0,0.0,1.1724,3.45,1
ema_crossover_value_pbv,EMA Crossover Trend (Value (PBV)),multi_factor,EMA crossovers capture trend accelerations earlier than SMA-based signals. This effect is stronger among low-PBV stocks.,ema_crossover_value_pbv_shortPeriod8_longPeriod26_max1.6,12,10,walk_forward,17.6,16.03,2.54,2.54,-18.55,0.95,38.3,88.9,5,115,1.23,0.8494,0.4,"",0.0,0.0,0.0,0.0,-inf,-3.23,1
base_breakout_high_margin,Base Breakout (High Margin (NPM)),multi_factor,Tight bases followed by volume breakouts lead to sustained trend moves. This effect is stronger among high-margin companies.,base_breakout_high_margin_basePeriod20_breakoutPct2.0_min20,18,10,walk_forward,12.09,11.03,0.9,2.16,-15.18,0.8,38.3,66.7,5,107,1.17,0.8113,0.382,"",0.0,0.0,0.0,0.0,2.7933,4.78,1
volatility_breakout_largecap,Volatility Breakout (Large Cap),breakout,Volatility spikes often mark the start of directional moves. This effect is stronger in large-cap stocks.,volatility_breakout_largecap_period30_multiplier1.5,9,4,walk_forward,36.94,33.4,2.49,2.49,-23.63,1.56,40.2,77.8,6,122,1.33,0.7761,0.474,"",0.0,0.0,0.0,0.0,4.5096,13.92,1
pivot_support_quality_roe,Pivot Support Bounce (Quality (ROE)),multi_factor,Prices tend to bounce after testing pivot support levels due to order clustering. This effect is stronger among high-ROE stocks.,pivot_support_quality_roe_min20,3,3,walk_forward,24.81,22.52,1.86,1.86,-21.72,1.14,39.4,88.9,5,137,1.22,0.7473,0.345,"",0.0,0.0,0.0,0.0,-inf,-10.78,1
rsi_macd_combo_largecap,RSI + MACD Momentum (Large Cap),momentum,Momentum signals are stronger when RSI and MACD agree on direction. This effect is stronger in large-cap stocks.,rsi_macd_combo_largecap_period14_oversold35_fastPeriod12_slowPeriod24,16,9,walk_forward,24.66,22.39,1.91,1.91,-17.88,1.38,36.8,88.9,5,76,1.2,0.7235,0.403,"",0.0,0.0,0.0,0.0,-inf,-2.51,1
sma_crossover_value_pe,SMA Crossover Trend (Value (PE)),multi_factor,SMA crossovers capture sustained trends while reducing noise. This effect is stronger among low-PE stocks.,sma_crossover_value_pe_shortPeriod30_longPeriod100_max15,18,11,walk_forward,31.79,28.79,2.03,2.03,-20.68,1.54,43.8,66.7,6,73,1.34,0.7184,0.293,"",0.0,0.0,0.0,0.0,-inf,1.68,1
rsi_oversold_value_pbv,RSI Oversold Bounce (Value (PBV)),multi_factor,"After sharp short-term declines, prices mean-revert as selling pressure exhausts. This effect is stronger among low-PBV stocks.",rsi_oversold_value_pbv_period10_oversold30_max1.6,27,21,walk_forward,38.36,34.67,1.73,5.39,-19.47,1.97,42.1,66.7,5,107,1.35,0.6805,0.435,"",0.0,0.0,0.0,0.0,-inf,1.97,1
rsi_macd_combo_value_pbv,RSI + MACD Momentum (Value (PBV)),multi_factor,Momentum signals are stronger when RSI and MACD agree on direction. This effect is stronger among low-PBV stocks.,rsi_macd_combo_value_pbv_period14_oversold35_fastPeriod10_slowPeriod26_max1.6,48,43,walk_forward,29.99,27.18,2.51,2.51,-17.42,1.72,42.5,88.9,3,87,1.33,0.4563,0.452,"",0.0,0.0,0.0,0.0,-inf,-0.23,1
parabolic_sar_base,Parabolic SAR Trend (Baseline),trend,Parabolic SAR flips track trend changes efficiently in trending markets.,parabolic_sar_base_afMax0.15_afStep0.02,4,4,walk_forward,48.01,43.25,1.74,1.74,-18.09,2.65,41.8,100.0,3,134,1.38,0.4373,1.0,"",0.0,0.0,0.0,0.0,10.6568,29.9,1
ema_crossover_low_debt,EMA Crossover Trend (Low Debt (DE)),multi_factor,EMA crossovers capture trend accelerations earlier than SMA-based signals. This effect is stronger among low-debt stocks.,ema_crossover_low_debt_shortPeriod8_longPeriod20_max0.8,12,11,walk_forward,17.0,15.48,1.56,3.21,-21.22,0.8,37.1,77.8,6,151,1.18,0.388,0.42,"",0.0,0.0,0.0,0.0,-inf,-11.71,1
vpt_momentum_quality_roe,Volume Price Trend (Quality (ROE)),multi_factor,VPT momentum suggests demand pressure that sustains price trends. This effect is stronger among high-ROE stocks.,vpt_momentum_quality_roe_min20,3,2,walk_forward,43.42,39.18,2.13,2.13,-22.05,1.97,39.2,88.9,5,148,1.29,0.3506,0.215,"",0.0,0.0,0.0,0.0,-inf,0.09,1
pivot_support_base,Pivot Support Bounce (Baseline),mean_reversion,Prices tend to bounce after testing pivot support levels due to order clustering.,pivot_support_base_v0,1,1,walk_forward,44.73,40.34,1.81,1.81,-21.0,2.13,38.9,88.9,5,157,1.19,0.3213,0.0,"",0.0,0.0,0.0,0.0,-inf,-6.64,1
base_breakout_base,Base Breakout (Baseline),breakout,Tight bases followed by volume breakouts lead to sustained trend moves.,base_breakout_base_basePeriod20_breakoutPct2.5,6,6,walk_forward,25.25,22.92,1.33,6.5,-15.63,1.62,37.2,66.7,5,113,1.22,0.2401,0.353,"",0.0,0.0,0.0,0.0,-inf,-4.89,1
volatility_regime_high,Volatility Regime High,regime,High-volatility regimes favor mean reversion and fast profit-taking.,volatility_regime_high_v0,1,1,walk_forward,39.13,35.35,2.24,2.24,-16.91,2.31,40.3,88.9,4,134,1.33,0.2308,0.0,"",0.0,0.0,0.0,0.0,8.117,22.31,1
supertrend_value_pe,Supertrend Continuation (Value (PE)),multi_factor,Supertrend flips capture persistent trends with adaptive volatility bands. This effect is stronger among low-PE stocks.,supertrend_value_pe_period14_multiplier2.5_max12,12,8,walk_forward,21.64,19.67,1.24,3.41,-18.02,1.2,40.3,66.7,5,124,1.16,0.169,0.336,"",0.0,0.0,0.0,0.0,4.2815,11.67,1
parabolic_sar_largecap,Parabolic SAR Trend (Large Cap),trend,Parabolic SAR flips track trend changes efficiently in trending markets. This effect is stronger in large-cap stocks.,parabolic_sar_largecap_afMax0.15_afStep0.02,4,4,walk_forward,38.81,35.07,1.56,1.56,-19.19,2.02,42.2,88.9,4,128,1.32,0.1433,1.0,"",0.0,0.0,0.0,0.0,8.5746,24.27,1
sma_crossover_base,SMA Crossover Trend (Baseline),trend,SMA crossovers capture sustained trends while reducing noise.,sma_crossover_base_shortPeriod30_longPeriod100,6,4,walk_forward,14.73,13.43,1.67,60.9,-19.21,0.77,40.2,55.6,5,97,1.21,-0.0977,0.379,"",0.0,0.0,0.0,0.0,-inf,0.36,1
base_breakout_quality_roe,Base Breakout (Quality (ROE)),multi_factor,Tight bases followed by volume breakouts lead to sustained trend moves. This effect is stronger among high-ROE stocks.,base_breakout_quality_roe_basePeriod20_breakoutPct2.0_min12,18,13,walk_forward,8.01,7.32,1.22,1.31,-16.5,0.49,34.7,77.8,2,95,1.05,-0.1272,0.473,"",0.0,0.0,0.0,0.0,-inf,-12.67,1
volume_spike_lowvol,Volume Spike + Low-Vol Regime,volume,"Volume spikes are more actionable in low-volatility, risk-on regimes.",volume_spike_lowvol_period20_threshold1.5_period15_lookback60,24,8,walk_forward,19.98,18.17,1.46,1.46,-23.04,0.87,36.8,77.8,4,117,1.2,-0.3219,0.379,"",0.0,0.0,0.0,0.0,-inf,-15.24,1
three_inside_up,Three Inside Up,candlestick,Three inside up confirms reversal momentum.,three_inside_up_v0,1,1,walk_forward,8.5,7.76,1.3,1.72,-23.27,0.37,36.8,77.8,4,152,1.04,-0.3703,0.0,"",0.0,0.0,0.0,0.0,-inf,-13.04,1
macd_crossover_value_pbv,MACD Crossover Momentum (Value (PBV)),multi_factor,MACD bullish cross captures momentum shifts that persist in the medium term. This effect is stronger among low-PBV stocks.,macd_crossover_value_pbv_fastPeriod12_slowPeriod26_signalPeriod9_max0.8,24,14,walk_forward,23.14,21.02,1.75,1.75,-14.97,1.55,37.6,88.9,3,117,1.07,-0.3735,0.41,"",0.0,0.0,0.0,0.0,-inf,-3.62,1
keltner_oversold_high_margin,Keltner Channel Oversold (High Margin (NPM)),multi_factor,Touches of the lower Keltner Channel often precede mean reversion in range-bound markets. This effect is stronger among high-margin companies.,keltner_oversold_high_margin_period20_atrPeriod14_multiplier1.5_min10,24,18,walk_forward,61.7,55.36,0.88,4.52,-18.19,3.39,38.2,55.6,4,123,1.17,-0.4192,0.391,"",0.0,0.0,0.0,0.0,-inf,-1.88,1
bollinger_bounce_quality_roe,Bollinger Band Bounce (Quality (ROE)),multi_factor,Prices often revert after touching the lower Bollinger Band during stable regimes. This effect is stronger among high-ROE stocks.,bollinger_bounce_quality_roe_period20_stdDev2.0_min16,18,12,walk_forward,65.27,58.49,1.25,1.25,-16.69,3.91,40.4,88.9,3,99,1.24,-0.4371,0.42,"",0.0,0.0,0.0,0.0,-inf,-8.76,1
inverted_hammer,Inverted Hammer,candlestick,Inverted hammer indicates a failed selloff and potential reversal.,inverted_hammer_v0,1,1,walk_forward,7.21,6.59,1.7,18.88,-17.45,0.41,34.3,66.7,1,134,1.12,-0.4909,0.0,"",0.0,0.0,0.0,0.0,-inf,0.12,1
bollinger_bounce_value_pbv,Bollinger Band Bounce (Value (PBV)),multi_factor,Prices often revert after touching the lower Bollinger Band during stable regimes. This effect is stronger among low-PBV stocks.,bollinger_bounce_value_pbv_period20_stdDev1.8_max1.6,18,15,walk_forward,24.74,22.46,1.94,1.94,-22.22,1.11,40.2,88.9,4,97,1.27,-0.5499,0.441,"",0.0,0.0,0.0,0.0,-inf,-8.01,1
base_breakout_largecap,Base Breakout (Large Cap),breakout,Tight bases followed by volume breakouts lead to sustained trend moves. This effect is stronger in large-cap stocks.,base_breakout_largecap_basePeriod20_breakoutPct2.0,6,6,walk_forward,9.04,8.25,1.14,4.24,-11.49,0.79,39.5,66.7,3,76,1.21,-0.5867,0.469,"",0.0,0.0,0.0,0.0,-inf,-2.92,1
rsi_macd_combo_base,RSI + MACD Momentum (Baseline),momentum,Momentum signals are stronger when RSI and MACD agree on direction.,rsi_macd_combo_base_period14_oversold35_fastPeriod12_slowPeriod26,16,14,walk_forward,10.54,9.62,1.87,4.76,-17.22,0.61,39.2,77.8,4,97,1.27,-0.6142,0.486,"",0.0,0.0,0.0,0.0,-inf,-3.41,1
macd_crossover_largecap,MACD Crossover Momentum (Large Cap),momentum,MACD bullish cross captures momentum shifts that persist in the medium term. This effect is stronger in large-cap stocks.,macd_crossover_largecap_fastPeriod10_slowPeriod24_signalPeriod9,8,4,walk_forward,14.14,12.89,0.54,0.71,-24.62,0.57,39.0,66.7,5,118,1.08,-0.7227,0.466,"",0.0,0.0,0.0,0.0,4.9778,12.28,1
parabolic_sar_value_pe,Parabolic SAR Trend (Value (PE)),multi_factor,Parabolic SAR flips track trend changes efficiently in trending markets. This effect is stronger among low-PE stocks.,parabolic_sar_value_pe_afMax0.15_afStep0.02_max12,12,8,walk_forward,9.19,8.39,1.59,8.43,-16.36,0.56,36.2,66.7,3,105,0.97,-0.9804,0.549,"",0.0,0.0,0.0,0.0,2.2552,5.27,1
bollinger_bounce_low_debt,Bollinger Band Bounce (Low Debt (DE)),multi_factor,Prices often revert after touching the lower Bollinger Band during stable regimes. This effect is stronger among low-debt stocks.,bollinger_bounce_low_debt_period20_stdDev2.0_max0.4,18,4,walk_forward,6.52,5.96,1.25,1.25,-25.61,0.25,36.6,88.9,4,101,1.15,-0.9871,0.237,"",0.0,0.0,0.0,0.0,-inf,-17.3,1
bollinger_bounce_liquid,Bollinger Band Bounce (High Liquidity),mean_reversion,Prices often revert after touching the lower Bollinger Band during stable regimes. This effect is stronger in highly liquid stocks.,bollinger_bounce_liquid_period30_stdDev2.0_minDailyValue500000000,18,8,walk_forward,13.68,12.47,1.01,4.34,-15.93,0.86,39.2,55.6,3,97,1.13,-1.0765,0.415,"",0.0,0.0,0.0,0.0,-inf,-1.97,1
bollinger_bounce_syariah,Bollinger Band Bounce (Syariah),mean_reversion,Prices often revert after touching the lower Bollinger Band during stable regimes. This effect is stronger within the syariah universe.,bollinger_bounce_syariah_period20_stdDev2.0,6,6,walk_forward,12.0,10.94,1.33,1.33,-26.86,0.45,38.1,88.9,3,105,1.13,-1.1626,0.437,"",0.0,0.0,0.0,0.0,-inf,-14.71,1
double_bottom,Double Bottom,chart_pattern,Double bottoms indicate a durable support and reversal.,double_bottom_v0,1,1,walk_forward,3.17,2.9,1.64,3.77,-21.35,0.15,35.3,77.8,1,116,1.03,-1.288,0.0,"",0.0,0.0,0.0,0.0,-inf,-3.46,1
bollinger_bounce_high_margin,Bollinger Band Bounce (High Margin (NPM)),multi_factor,Prices often revert after touching the lower Bollinger Band during stable regimes. This effect is stronger among high-margin companies.,bollinger_bounce_high_margin_period30_stdDev1.8_min10,18,9,walk_forward,9.47,8.65,0.85,1.55,-22.37,0.42,41.6,66.7,2,89,1.14,-1.3089,0.477,"",0.0,0.0,0.0,0.0,-inf,-9.26,1
sma_trend_quality_roe,SMA Trend Filter (Quality (ROE)),multi_factor,Staying aligned with the prevailing SMA trend improves win rate. This effect is stronger among high-ROE stocks.,sma_trend_quality_roe_shortPeriod20_longPeriod50_min20,12,9,walk_forward,9.33,8.52,1.75,1.75,-22.53,0.41,33.3,88.9,3,120,1.02,-1.3966,0.412,"",0.0,0.0,0.0,0.0,-inf,-4.38,1
macd_crossover_lowvol,MACD Crossover + Low-Vol Regime,momentum,Momentum signals are more reliable in low-volatility regimes.,macd_crossover_lowvol_fastPeriod10_slowPeriod24_period20_lookback60,16,1,walk_forward,15.89,14.47,1.43,1.43,-22.17,0.72,39.0,66.7,4,100,1.13,-1.6067,0.0,"",0.0,0.0,0.0,0.0,-inf,-8.07,1
pivot_support_value_pe,Pivot Support Bounce (Value (PE)),multi_factor,Prices tend to bounce after testing pivot support levels due to order clustering. This effect is stronger among low-PE stocks.,pivot_support_value_pe_max15,3,3,walk_forward,11.79,10.76,1.42,7.57,-17.09,0.69,40.0,66.7,3,105,1.08,-1.7757,0.621,"",0.0,0.0,0.0,0.0,-inf,-2.54,1
macd_crossover_liquid,MACD Crossover Momentum (High Liquidity),momentum,MACD bullish cross captures momentum shifts that persist in the medium term. This effect is stronger in highly liquid stocks.,macd_crossover_liquid_fastPeriod10_slowPeriod26_signalPeriod9_minDailyValue1000000000,24,15,walk_forward,10.84,9.89,1.15,2.25,-18.61,0.58,36.6,66.7,4,134,1.03,-1.8116,0.553,"",0.0,0.0,0.0,0.0,2.6159,7.08,1
sma_crossover_high_margin,SMA Crossover Trend (High Margin (NPM)),multi_factor,SMA crossovers capture sustained trends while reducing noise. This effect is stronger among high-margin companies.,sma_crossover_high_margin_shortPeriod30_longPeriod100_min10,18,15,walk_forward,19.48,17.72,1.33,3.11,-17.44,1.12,40.3,55.6,4,67,1.34,-1.945,0.536,"",0.0,0.0,0.0,0.0,-inf,-9.26,1
hammer,Hammer,candlestick,Hammer reversal after downtrends signals demand returning.,hammer_v0,1,1,walk_forward,7.12,6.5,1.22,2.78,-20.35,0.35,38.3,66.7,1,115,1.1,-1.9739,0.0,"",0.0,0.0,0.0,0.0,-inf,-2.22,1
sma_crossover_liquid,SMA Crossover Trend (High Liquidity),trend,SMA crossovers capture sustained trends while reducing noise. This effect is stronger in highly liquid stocks.,sma_crossover_liquid_shortPeriod15_longPeriod100_minDailyValue1000000000,18,6,walk_forward,10.51,9.59,1.15,1.15,-15.97,0.66,35.5,66.7,2,93,1.11,-2.0383,0.655,"",0.0,0.0,0.0,0.0,-inf,-9.97,1
climax_volume,Climax Volume,volume,Climax volume after a selloff can signal capitulation and reversal.,climax_volume_v0,1,1,walk_forward,6.25,5.72,0.11,0.19,-21.17,0.3,35.9,55.6,2,181,1.07,-2.0488,0.0,"",0.0,0.0,0.0,0.0,-inf,-6.35,1
base_breakout_liquid,Base Breakout (High Liquidity),breakout,Tight bases followed by volume breakouts lead to sustained trend moves. This effect is stronger in highly liquid stocks.,base_breakout_liquid_basePeriod20_breakoutPct1.5_minDailyValue1000000000,18,10,walk_forward,10.26,9.37,1.0,1.49,-18.25,0.56,37.5,66.7,4,104,1.14,-2.0639,0.537,"",0.0,0.0,0.0,0.0,-inf,-15.85,1
pivot_support_largecap,Pivot Support Bounce (Large Cap),mean_reversion,Prices tend to bounce after testing pivot support levels due to order clustering. This effect is stronger in large-cap stocks.,pivot_support_largecap_v0,1,1,walk_forward,34.21,30.96,1.28,2.58,-24.47,1.4,38.7,77.8,4,142,1.14,-2.0688,0.0,"",0.0,0.0,0.0,0.0,-inf,-16.27,1
parabolic_sar_high_margin,Parabolic SAR Trend (High Margin (NPM)),multi_factor,Parabolic SAR flips track trend changes efficiently in trending markets. This effect is stronger among high-margin companies.,parabolic_sar_high_margin_afMax0.15_afStep0.02_min10,12,12,walk_forward,-4.42,-4.06,0.53,1.04,-19.7,0.22,35.0,55.6,0,123,0.97,-2.923,0.668,"",0.0,0.0,0.0,0.0,-inf,-5.97,1
bullish_engulfing,Bullish Engulfing,candlestick,Bullish engulfing reflects strong demand after weakness.,bullish_engulfing_v0,1,1,walk_forward,-9.54,-8.78,0.7,0.7,-26.83,0.36,35.5,77.8,3,138,0.98,-3.0883,0.0,"",0.0,0.0,0.0,0.0,-inf,-21.68,1
rsi_macd_combo_high_margin,RSI + MACD Momentum (High Margin (NPM)),multi_factor,Momentum signals are stronger when RSI and MACD agree on direction. This effect is stronger among high-margin companies.,rsi_macd_combo_high_margin_period14_oversold30_fastPeriod10_slowPeriod24_min10,48,11,walk_forward,-4.54,-4.17,0.57,0.72,-17.67,0.26,35.7,66.7,2,84,1.03,-3.4262,0.6,"",0.0,0.0,0.0,0.0,-inf,-11.15,1
sma_crossover_largecap,SMA Crossover Trend (Large Cap),trend,SMA crossovers capture sustained trends while reducing noise. This effect is stronger in large-cap stocks.,sma_crossover_largecap_shortPeriod20_longPeriod50,6,2,walk_forward,2.77,2.54,0.77,3.81,-16.44,0.17,39.3,55.6,2,89,1.08,-3.5787,0.876,"",0.0,0.0,0.0,0.0,3.2993,8.41,1
piercing_line,Piercing Line,candlestick,Piercing line indicates buyers reclaiming control after a drop.,piercing_line_v0,1,1,walk_forward,5.05,4.62,0.33,0.57,-20.44,0.25,33.8,55.6,1,77,1.0,-3.715,0.0,"",0.0,0.0,0.0,0.0,-inf,-12.36,1
rsi_macd_combo_liquid,RSI + MACD Momentum (High Liquidity),momentum,Momentum signals are stronger when RSI and MACD agree on direction. This effect is stronger in highly liquid stocks.,rsi_macd_combo_liquid_period20_oversold35_fastPeriod12_slowPeriod24_minDailyValue1000000000,48,12,walk_forward,-13.91,-12.83,0.2,0.42,-19.17,0.73,32.9,55.6,2,82,0.89,-3.9416,0.582,"",0.0,0.0,0.0,0.0,-inf,-9.16,1
